,Unnamed: 0,cancion,danceability,energy,speachiness,acousticness,tempo,artista
0,0,Blinding Lights,0.548,0.894,0.0376,0.0565,170.912,Tebey
1,1,Believer,0.487,0.838,0.255,0.058,93.701,Imagine Dragons
2,2,I Took A Pill In Ibiza - Seeb Remix,0.664,0.714,0.111,0.0353,101.969,Mike Posner
3,3,Safe And Sound,0.471,0.3,0.028,0.883,144.319,Capital Cities
4,4,Yeah! (feat. Lil Jon & Ludacris),0.894,0.791,0.112,0.0183,105.018,USHER
5,5,Here Comes The Sun - Remastered 2009,0.619,0.234,0.0351,0.956,123.737,The Beatles
6,6,Flowers,0.838,0.364,0.134,0.0849,79.987,The Deli
7,7,Grenade,0.704,0.558,0.0542,0.148,110.444,Bruno Mars
8,8,Need to Know,0.664,0.609,0.0707,0.304,130.041,Doja Cat
9,9,Dandelions,0.33,0.709,0.0312,0.0411,101.673,Ruth B.
10,10,Shape of You,0.53,0.92,0.0734,0.0255,191.977,Fame on Fire
11,11,Mr. Brightside,0.352,0.911,0.0747,0.00121,148.033,The Killers
12,12,Sex on Fire,0.265,0.709,0.118,0.0641,93.626,PARTYNEXTDOOR
13,13,Smells Like Teen Spirit,0.608,0.511,0.0383,0.0299,113.898,Witchz
14,14,Whistle,0.747,0.937,0.0453,0.0208,103.976,Flo Rida
15,15,Viva La Vida,0.8,0.35,0.0573,0.922,130.09,main character melodies
16,16,Everybody Wants To Rule The World,0.614,0.0735,0.0324,0.779,99.979,Covers Unplugged
17,17,Enter Sandman,0.566,0.834,0.0298,0.00277,123.296,Ghost
18,18,Thunderstruck,0.502,0.89,0.0364,0.000147,133.52,AC/DC
19,19,Insane,0.412,0.449,0.0341,0.453,91.533,insaneintherainmusic
20,20,Boomerang,0.828,0.794,0.0436,0.00942,115.013,Jojo Siwa (Kids)
21,21,India,0.74,0.666,0.0518,0.122,74.963,Lil Durk
22,22,Livin' On A Prayer,0.662,0.161,0.046,0.986,99.953,Bon Jovi
23,23,Don't Stop Believin',0.505,0.754,0.0366,0.132,119.204,Journey
24,24,Wonderwall,0.7,0.705,0.0414,0.148,99.97,Oasis
25,25,Hey Ya!,0.727,0.974,0.0664,0.103,79.526,Outkast
26,26,I Gotta Feeling,0.744,0.766,0.0265,0.0873,127.966,Black Eyed Peas
27,27,Iris,0.556,0.062,0.0666,0.996,108.929,Music Lab Collective
28,28,Capy´s Journey to the Olympus - Dance,0.745,0.186,0.0389,0.882,144.007,The Cast Of Journey To Bethlehem
29,29,Highway to Hell,0.574,0.913,0.133,0.061,115.728,AC/DC
30,30,Under the Bridge,0.559,0.345,0.0459,0.0576,84.581,Red Hot Chili Peppers
31,31,We Found Love,0.735,0.766,0.0384,0.025,127.975,Rihanna
32,32,Sweet Home Alabama,0.596,0.606,0.0255,0.181,97.785,Lynyrd Skynyrd
33,33,Eye of the Tiger,0.815,0.438,0.0346,0.216,108.966,Survivor
34,34,Summer,0.6,0.572,0.0272,0.0173,90.029,TrackVibes
35,35,Story of My Life,0.6,0.663,0.0477,0.225,121.07,One Direction
36,36,Californication,0.592,0.767,0.027,0.0021,96.483,Red Hot Chili Peppers
37,37,Take on Me,0.576,0.94,0.118,0.0192,97.876,Reel Big Fish
38,38,"Moves Like Jagger - Studio Recording From ""The Voice"" Performance",0.722,0.758,0.0471,0.0111,128.047,Maroon 5
39,39,Losing My Religion,0.666,0.855,0.0295,0.179,125.639,R.E.M.
40,40,Don't Stop Me Now - Remastered 2011,0.563,0.865,0.16,0.0472,156.271,Queen
41,41,Every Breath You Take,0.78,0.573,0.038,0.249,119.973,Deep Chills
42,42,Creep,0.905,0.436,0.0521,0.733,95.056,owlh
43,43,Wake Me Up,0.459,0.0194,0.0422,0.991,68.06,Figgy Malone
44,44,A Sky Full of Stars,0.545,0.675,0.0279,0.00617,124.97,Coldplay
45,45,Billie Jean,0.929,0.449,0.0698,0.0182,117.118,G Perico
46,46,Party In The U.S.A.,0.652,0.698,0.042,0.00112,96.021,Miley Cyrus
47,47,NEO EDEN,0.514,0.392,0.0312,0.887,104.513,EDEN
48,48,As It Was,0.727,0.132,0.0451,0.993,121.996,Harry Styles
49,49,Back In Black,0.759,0.538,0.384,0.151,146.933,AC/DC
50,50,Under Pressure - Remastered 2011,0.671,0.711,0.0478,0.422,113.809,Queen
51,51,"Hey, Soul Sister",0.673,0.886,0.0431,0.185,97.012,Train
52,52,Shut Up and Dance,0.578,0.866,0.0619,0.00701,128.038,WALK THE MOON
53,53,Have You Ever Seen The Rain,0.741,0.697,0.0277,0.0664,116.109,Creedence Clearwater Revival
54,54,Pumped Up Kicks,0.733,0.71,0.0292,0.145,127.975,Foster The People
55,55,In the End,0.618,0.611,0.11,0.477,88.07,Tommee Profitt
56,56,Can't Hold Us (feat. Ray Dalton),0.633,0.927,0.0839,0.0267,146.097,Macklemore & Ryan Lewis
57,57,Waiting For Love,0.579,0.736,0.0527,0.31,127.999,Avicii
58,58,Yellow,0.429,0.661,0.0281,0.00239,173.372,Coldplay
59,59,Unholy (feat. Kim Petras),0.719,0.454,0.0707,0.0138,131.007,Sam Smith
60,60,Bohemian Rhapsody - Remastered 2011,0.397,0.386,0.0503,0.271,144.242,Queen
61,61,Hotel California - 2013 Remaster,0.579,0.508,0.027,0.00574,147.125,Eagles
62,62,Somebody That I Used to Know,0.864,0.495,0.037,0.591,129.062,Gotye
63,63,Pompeii,0.679,0.715,0.0407,0.0755,127.435,Bastille
64,64,Down 2,0.62,0.776,0.0365,0.36,93.964,Luke Bryan
65,65,Sugar (feat. Francesco Yates),0.776,0.118,0.0569,0.896,119.944,Francesco Yates
66,66,Another One Bites The Dust - Remastered 2011,0.932,0.528,0.161,0.115,109.975,Queen
67,67,Numb,0.357,0.882,0.0673,0.739,105.301,Paul Kossoff
68,68,Timber,0.598,0.554,0.0273,0.123,124.918,Pitbull
69,69,Call Me Maybe,0.782,0.58,0.0407,0.0114,120.021,Carly Rae Jepsen
70,70,Running on Empty,0.541,0.711,0.0383,0.0635,136.58,Jackson Browne
71,71,Sweet Dreams (Are Made of This) - Remastered,0.519,0.512,0.0279,0.28,110.156,The Big 80s Guys
72,72,Counting Stars,0.56,0.737,0.0389,0.00502,122.021,OneRepublic
73,73,New Beginnings,0.187,0.0178,0.0385,0.953,67.406,Dusty Clav
74,74,Africa,0.798,0.423,0.103,0.155,124.976,Lofi Fruits Music
75,75,We Will Rock You - Remastered 2011,0.146,0.924,0.0855,0.016,173.411,The Cast Of 'We Will Rock You'
76,76,Time of Our Lives,0.721,0.802,0.0583,0.0921,124.022,Pitbull
77,77,Lose Yourself,0.692,0.744,0.257,0.00868,171.374,Eminem
78,78,Locked out of Heaven,0.726,0.698,0.0431,0.049,143.994,Bruno Mars
79,79,Do I Wanna Know?,0.548,0.532,0.0323,0.186,85.03,Lofi Fruits Music
80,80,Valencia,0.779,0.815,0.0553,0.438,90.524,.multibeat
81,81,"Shakira: Bzrp Music Sessions, Vol. 53",0.842,0.745,0.0399,0.281,122.06,Bizarrap
82,82,Titanium (feat. Sia),0.604,0.788,0.103,0.0678,126.06,David Guetta
83,83,Cold Heart - PNAU Remix,0.796,0.798,0.0317,0.034,116.032,Elton John
84,84,PABLO - Sped Up,0.706,0.384,0.176,0.0137,95.004,xryce
85,85,The Real Slim Shady,0.949,0.661,0.0572,0.0302,104.504,Eminem
86,86,Set Fire to the Rain,0.716,0.777,0.0284,0.0291,126.991,BADDIES ONLY
87,87,No Role Modelz,0.657,0.33,0.0299,0.698,79.962,J. Cole
88,88,I Failed You,0.31,0.721,0.268,0.0387,169.976,phreshboyswag
89,89,Chop Suey!,0.417,0.934,0.119,0.000278,127.066,System Of A Down
90,90,Ni**as In Paris,0.789,0.858,0.311,0.127,140.022,JAY-Z
91,91,Sweater Weather,0.612,0.807,0.0336,0.0495,124.053,The Neighbourhood
92,92,All Girls Are The Same,0.671,0.529,0.307,0.0769,161.989,Juice WRLD
93,93,Mockingbird,0.794,0.31,0.106,0.832,185.324,fenekot
94,94,Why'd You Only Call Me When You're High?,0.358,0.0668,0.0381,0.951,146.005,Neo Soundz
95,95,Cape Cabo,0.72,0.725,0.277,0.34,180.063,Player1
96,96,Feel Good Inc.,0.768,0.374,0.174,0.551,130.017,LAV8
97,97,Workout,0.776,0.608,0.0569,0.0109,149.991,Dj 2Ble RD
98,98,Payphone,0.739,0.756,0.0394,0.0136,110.028,Maroon 5
99,99,Not Like Us,0.898,0.472,0.0776,0.0107,101.061,Brantley Gilbert
100,100,MILLION DOLLAR BABY,0.849,0.699,0.0436,0.0982,138.003,Tommy Richman
101,101,euphoria,0.823,0.337,0.738,0.645,145.922,Labrinth
102,102,Like That,0.856,0.339,0.173,0.0516,136.159,1600j
103,103,Family Matters,0.603,0.483,0.216,0.00384,133.983,Drake
104,104,Fortnight (feat. Post Malone),0.504,0.386,0.0308,0.502,192.004,Taylor Swift
105,105,System,0.531,0.621,0.426,0.602,112.352,NXI
106,106,A Bar Song (Tipsy),0.722,0.709,0.0273,0.0633,81.012,Shaboozey
107,107,meet the grahams,0.565,0.922,0.117,0.000244,130.033,Lil Double 0
108,108,Para Dey!,0.421,0.238,0.0427,0.771,148.001,José Feliciano
109,109,Espresso,0.701,0.76,0.0285,0.107,103.969,Ollie Joseph
110,110,Fly Guys,0.779,0.408,0.333,0.0295,95.087,BossMan Dlow
111,111,Down Bad,0.541,0.366,0.0748,0.56,159.707,Taylor Swift
112,112,Beautiful Things,0.472,0.471,0.0603,0.151,105.029,Benson Boone
113,113,Ginger,0.605,0.919,0.349,0.136,129.961,Rucka Rucka Ali
114,114,Too Sweet,0.803,0.597,0.141,0.000619,136.008,Drake
115,115,I Can Do It With a Broken Heart,0.701,0.751,0.0502,0.123,129.994,Taylor Swift
116,116,Gata Only,0.791,0.499,0.0509,0.446,99.986,FloyyMenor
117,117,Type Shit,0.64,0.552,0.129,0.0215,144.941,Future
118,118,Pop Girl,0.834,0.571,0.0615,0.64,109.937,Mother Goose Club
119,119,But Daddy I Love Him,0.521,0.72,0.104,0.384,79.943,Taylor Swift
120,120,Magnetic,0.442,0.593,0.0345,0.793,92.124,The Magnetic Fields
121,121,Push Ups,0.598,0.696,0.112,0.0153,91.057,Drake
122,122,Lose Control,0.596,0.711,0.0379,0.162,159.812,Gavin Adcock
123,123,"So Long, London",0.423,0.533,0.322,0.73,160.218,Taylor Swift
124,124,Who’s Afraid of Little Old Me?,0.606,0.338,0.048,0.315,119.88,Taylor Swift
125,125,Guilty as Sin?,0.626,0.428,0.0261,0.607,94.95,Taylor Swift
126,126,The Tortured Poets Department,0.601,0.44,0.0256,0.0442,110.315,Taylor Swift
127,127,My Boy Only Breaks His Favorite Toys,0.796,0.451,0.0317,0.219,120.079,Taylor Swift
128,128,we can't be friends (wait for your love),0.645,0.646,0.0427,0.0615,115.842,Ariana Grande
129,129,Florida!!! (feat. Florence + The Machine),0.533,0.573,0.138,0.178,150.088,Taylor Swift
130,130,The Smallest Man Who Ever Lived,0.426,0.41,0.0581,0.52,142.377,Taylor Swift
131,131,i like the way you kiss me,0.599,0.946,0.0447,0.000938,151.647,Artemas
132,132,Bling-Bang-Bang-Born,0.853,0.822,0.246,0.0841,157.013,Creepy Nuts
133,133,Get It Sexyy,0.811,0.64,0.274,0.0957,145.031,Sexyy Red
134,134,Saturn,0.131,0.205,0.0387,0.624,146.089,Sleeping At Last
135,135,Snooze,0.559,0.551,0.132,0.141,143.008,SZA
136,136,Fresh Out The Slammer,0.808,0.513,0.678,0.12,106.739,Taylor Swift
137,137,loml,0.83,0.752,0.266,0.0361,124.948,LOCS
138,138,Cruel Summer,0.666,0.871,0.0272,0.27,108.501,Taylor Swift
139,139,Last Night,0.489,0.624,0.0278,0.326,90.009,Our Last Night
140,140,The Alchemy,0.49,0.47,0.21,0.588,78.831,Roc Marciano
141,141,Stick Season,0.664,0.5,0.0651,0.799,117.896,Noah Kahan
142,142,幾億光年,0.444,0.684,0.027,0.00448,96.225,Omoinotake
143,143,CARNIVAL,0.594,0.811,0.159,0.189,148.144,¥$
144,144,I Can Fix Him (No Really I Can),0.661,0.257,0.045,0.768,106.896,Taylor Swift
145,145,Wanna Be (with Megan Thee Stallion),0.919,0.629,0.376,0.0226,135.05,GloRilla
146,146,ライラック,0.511,0.924,0.0584,0.00269,135.027,美波
147,147,Whatever She Wants,0.803,0.512,0.066,0.128,96.02,Bryson Tiller
148,148,Training Season,0.812,0.587,0.0477,0.0349,123.041,Dua Lipa
149,149,Freestyle,0.887,0.52,0.296,0.00158,91.933,TLoc 2730
150,150,I Remember Everything (feat. Kacey Musgraves),0.429,0.453,0.0459,0.554,77.639,Zach Bryan
151,151,Cowgirls (feat. ERNEST),0.621,0.779,0.0361,0.216,172.037,Morgan Wallen
152,152,imgonnagetyouback,0.653,0.231,0.0367,0.859,84.903,liliane
153,153,Clara Bow,0.686,0.318,0.0263,0.636,104.088,Taylor Swift
154,154,Yeah Glo!,0.894,0.66,0.33,0.0243,148.072,GloRilla
155,155,greedy,0.749,0.729,0.0321,0.261,111.004,Tate McRae
156,156,The Black Dog,0.527,0.27,0.038,0.707,154.042,Taylor Swift
157,157,Best I Ever Had,0.395,0.922,0.375,0.19,162.361,Gary Allan
158,158,HUMBLE.,0.908,0.621,0.102,0.000282,150.011,Kendrick Lamar
159,159,So High School,0.366,0.866,0.0466,0.0274,176.07,Taylor Swift
160,160,Mask Off,0.833,0.434,0.431,0.0102,150.062,Future
161,161,Money Trees,0.716,0.531,0.122,0.0703,71.994,Kendrick Lamar
162,162,TEXAS HOLD 'EM,0.727,0.711,0.078,0.582,110.012,Beyoncé
163,163,Thinkin’ Bout Me,0.67,0.711,0.0563,0.536,163.998,rei brown
164,164,FE!N (feat. Playboi Carti),0.569,0.882,0.06,0.0316,148.038,Travis Scott
165,165,Illusion,0.654,0.799,0.124,0.0203,137.993,Dua Lipa
166,166,Austin,0.756,0.672,0.0522,0.464,114.935,Dasha
167,167,End of Beginning,0.689,0.454,0.0584,0.0351,159.982,Djo
168,168,Cinderella,0.196,0.14,0.0353,0.892,58.637,Patrick Doyle
169,169,Lovin On Me,0.943,0.558,0.0568,0.0026,104.983,Jack Harlow
170,170,redrum,0.677,0.628,0.0428,0.0134,76.43,21 Savage
171,171,Nonstop,0.465,0.745,0.0524,0.000113,141.331,overthxnk
172,172,Fast Car,0.711,0.292,0.037,0.313,103.951,Tracy Chapman
173,173,Poetic Justice,0.779,0.572,0.378,0.157,135.956,Kendrick Lamar
174,174,Chasin' You,0.631,0.591,0.0277,0.657,97.074,Morgan Wallen
175,175,Spin You Around (1/24),0.622,0.444,0.027,0.795,141.952,Morgan Wallen
176,176,Wind Up Missin' You,0.756,0.782,0.287,0.304,89.956,PrettiBoiRoq
177,177,How Did It End?,0.492,0.379,0.0257,0.785,83.993,Taylor Swift
178,178,TÚ NAME,0.76,0.747,0.0282,0.0675,128.912,Fuerza Regida
179,179,晩餐歌,0.649,0.641,0.0251,0.433,102.983,DIFA
180,180,The Prophecy,0.421,0.525,0.0472,0.825,167.927,Howard Shore
181,181,Bank Account,0.884,0.347,0.35,0.015,75.016,21 Savage
182,182,Sum 2 Prove,0.827,0.552,0.274,0.0169,124.011,Lil Baby
183,183,Power Trip (feat. Miguel),0.667,0.608,0.216,0.324,99.992,J. Cole
184,184,SHEESH,0.85,0.645,0.0502,0.0784,114.967,Rence
185,185,HIGHEST IN THE ROOM,0.598,0.427,0.0317,0.0546,76.469,Travis Scott
186,186,Where the Wild Things Are,0.708,0.731,0.0345,0.0189,116.975,Metallica
187,187,The Albatross,0.352,0.479,0.0583,0.655,172.013,Taylor Swift
188,188,I Hate It Here,0.485,0.562,0.0346,0.717,105.953,Taylor Swift
189,189,God's Plan,0.758,0.452,0.11,0.0322,77.168,Drake
190,190,Houdini,0.744,0.789,0.059,0.0036,116.985,Dua Lipa
191,191,thanK you aIMee,0.768,0.494,0.0442,0.0531,126.289,Grailz Beni
192,192,Whiskey Glasses,0.65,0.845,0.0499,0.014,123.038,Morgan Wallen
193,193,WAIT FOR U (feat. Drake & Tems),0.505,0.536,0.156,0.0756,84.755,Future
194,194,Low Down,0.962,0.619,0.405,0.0354,127.956,Lil Baby
195,195,Passionfruit,0.809,0.463,0.0396,0.256,111.98,Drake
196,196,Stick Talk,0.729,0.672,0.282,0.0265,159.903,Future
197,197,"Bitch, Don’t Kill My Vibe",0.587,0.698,0.0943,0.0152,133.954,Kendrick Lamar
198,198,LOVE. FEAT. ZACARI.,0.8,0.585,0.0924,0.264,126.058,Kendrick Lamar
199,199,Madonna,0.905,0.492,0.0595,0.0149,110.017,Madonna
200,200,Entre las de 20,0.774,0.736,0.0452,0.0933,135.788,Bizarrap
201,201,Si No Quieres No,0.786,0.786,0.0512,0.445,100.123,Luis R Conriquez
202,202,Vicio Duro,0.779,0.576,0.0381,0.311,119.981,Adverzo
203,203,"Natanael Cano: Bzrp Music Sessions, Vol. 59",0.671,0.8,0.0695,0.0595,166.9,Bizarrap
204,204,Y LLORO,0.728,0.589,0.0376,0.424,77.475,Junior H
205,205,Brillarosa,0.771,0.782,0.0341,0.305,125.027,Fuerza Regida
206,206,300 Noches,0.795,0.781,0.0812,0.296,124.133,Jorge Quintero
207,207,Sola Va A Caer,0.88,0.689,0.118,0.166,115.959,Anthony Ready & Yeigo
208,208,El Boss,0.777,0.535,0.0559,0.0661,132.272,Gabito Ballesteros
209,209,EXCESOS,0.742,0.873,0.0519,0.172,128.053,Sebastian Esquivel
210,210,Elvira,0.76,0.711,0.0646,0.0812,128.134,Oscar Maydon
211,211,La Torre,0.182,0.114,0.0348,0.974,69.665,Vizkel
212,212,ADIVINO,0.786,0.854,0.0741,0.169,117.994,Tomaso Albinoni
213,213,Que Onda,0.808,0.944,0.0408,0.183,124.934,Calle 24
214,214,Santa,0.89,0.281,0.3,0.471,149.984,Big Canttiggity
215,215,LADY GAGA,0.502,0.761,0.0389,0.47,164.784,Grupo Viada
216,216,MÏA,0.84,0.762,0.226,0.00736,99.987,Jennifer Lopez
217,217,RUBICON,0.868,0.745,0.268,0.187,139.9,Peso Pluma
218,218,BARBIEZ,0.62,0.738,0.0292,0.00879,127.982,Barbie
219,219,La Diabla,0.751,0.819,0.0409,0.255,131.842,Xavi
220,220,Don Dimadon,0.858,0.811,0.187,0.015,121.976,Remp
221,221,LUNA,0.704,0.433,0.196,0.0708,113.943,5l33p
222,222,LA PEOPLE II,0.823,0.785,0.0542,0.296,131.849,Peso Pluma
223,223,Corazón de Piedra,0.834,0.763,0.0835,0.0354,134.844,Xavi
224,224,HARLEY QUINN,0.793,0.761,0.11,0.067,125.045,Fuerza Regida
225,225,En Terapia,0.743,0.893,0.0589,0.136,94.044,stivijoes
226,226,Mas Altas Que Bajadas,0.577,0.573,0.156,0.00561,181.072,Natanael Cano
227,227,SABOR FRESA,0.778,0.864,0.0907,0.0898,130.17,Fuerza Regida
228,228,Un Desperdicio,0.764,0.668,0.101,0.143,148.055,DJnando3
229,229,ATEO,0.772,0.807,0.519,0.00391,83.828,Atmosphere
230,230,"Ride Or Die, Pt. 2 (with Villano Antillano & Tokischa)",0.767,0.72,0.0659,0.0877,139.995,Sevdaliza
231,231,Pacas De Billetes,0.718,0.726,0.0403,0.0889,142.986,Natanael Cano
232,232,LA PEOPLE,0.823,0.785,0.0542,0.296,131.849,''El Obama'' Carlos Anderson
233,233,DEJA VU,0.723,0.618,0.0398,0.0148,127.989,Thouxanbanfauni
234,234,LOU LOU,0.739,0.579,0.0509,0.0622,130.002,Gabito Ballesteros
235,235,Moscow Mule,0.493,0.963,0.0638,2.25e-05,147.992,Autoheart
236,236,UNA CERVEZA,0.725,0.801,0.0372,0.0333,135.162,Fuerza Regida
237,237,todo,0.848,0.895,0.241,0.0309,125.024,DJs From Mars
238,238,BELLAKEO,0.72,0.88,0.101,0.0562,180.011,Peso Pluma
239,239,TQM,0.388,0.648,0.038,0.116,163.861,Tame Impala
240,240,Diamantes,0.662,0.759,0.0353,0.389,92.438,Natanael Cano
241,241,Soy especial y ellos pa' pasar el rato,0.554,0.437,0.0853,0.705,138.382,Josh
242,242,La Víctima,0.778,0.835,0.0767,0.152,140.082,Xavi
243,243,FARDOS,0.785,0.897,0.0332,0.14,121.982,JC Reyes
244,244,YW&F - Versión Reggaeton,0.7,0.608,0.0471,0.184,98.033,Oscar Maydon
245,245,SSS y no la de balvin,0.718,0.711,0.11,0.157,173.916,Sammer
246,246,ROCKSTAR,0.688,0.466,0.0641,0.29,76.005,<3BEAT
247,247,PRC,0.419,0.731,0.0745,0.0762,140.983,N.E.R.D
248,248,A Puro Dolor,0.743,0.634,0.0334,0.0632,129.888,Gabito Ballesteros
249,249,Bailando,0.807,0.644,0.0308,0.669,130.015,Lirow
250,250,Proyecto X,0.796,0.55,0.0746,0.137,127.982,Gabito Ballesteros
251,251,Tipo Gatsby,0.563,0.84,0.0309,0.021,125.613,Oscar Maydon
252,252,Igual Que Un Ángel (with Peso Pluma),0.693,0.0972,0.0367,0.806,84.989,LatinoFi
253,253,Bendecida,0.67,0.476,0.0333,0.0117,110.948,Harshal
254,254,El Azul,0.561,0.643,0.054,0.232,143.907,Junior H
255,255,Regalo De Dios,0.792,0.516,0.027,0.197,108.939,Julión Álvarez y su Norteño Banda
256,256,Ojitos Lindos,0.647,0.686,0.0413,0.08,79.928,Bad Bunny
257,257,FLASHES,0.839,0.83,0.0479,0.363,117.997,Milky Chance
258,258,Efecto,0.801,0.475,0.0516,0.141,98.047,Bad Bunny
259,259,Vete,0.462,0.421,0.0496,0.979,184.006,Los Bukis
260,260,GTA,0.817,0.505,0.319,0.123,76.991,Ginger Billy
261,261,A 200,0.573,0.716,0.27,0.409,131.781,Ricchie
262,262,Brillo,0.771,0.782,0.0341,0.305,125.027,Natanael Cano
263,263,QLONA,0.854,0.374,0.303,0.211,99.978,ILUMINADO DJ
264,264,O Me Voy O Te Vas,0.684,0.509,0.0397,0.076,99.24,Natanael Cano
265,265,FoNo,0.747,0.126,0.79,0.716,94.466,Foo Fighters
266,266,Mente Positiva,0.576,0.604,0.047,0.27,99.746,Junior H
267,267,$AD BOYZ II,0.548,0.591,0.0592,0.399,83.411,Junior H
268,268,Morritas,0.675,0.611,0.0261,0.593,95.074,Natanael Cano
269,269,LOCO CON CHOCARTE,0.708,0.54,0.251,0.0138,172.094,Mosby
270,270,Jálale alv,0.899,0.7,0.11,0.218,134.831,Bb trickz
271,271,Primera Cita,0.536,0.396,0.0687,0.604,157.846,Carin Leon
272,272,Ch y la Pizza,0.628,0.668,0.117,0.329,148.746,Fuerza Regida
273,273,Cherokee,0.424,0.0169,0.0438,0.993,132.176,Andy Luma
274,274,Como Jordan,0.714,0.873,0.0311,0.028,112.503,Junior H
275,275,DILUVIO,0.9,0.648,0.162,0.4,91.992,Jeeiph
276,276,Tití Me Preguntó,0.858,0.945,0.0387,0.288,127.989,Alar3
277,277,Oscuridad,0.731,0.658,0.0343,0.0769,109.982,Jasper
278,278,Fin de Semana,0.699,0.541,0.0826,0.0628,98.395,Oscar Maydon
279,279,PERRO NEGRO,0.873,0.53,0.203,0.526,94.978,Super ShanJo
280,280,Lalalalalá,0.948,0.579,0.0928,0.13,121.999,MIKOLAS
281,281,CRAZYZ,0.809,0.849,0.0738,0.251,126.0,Fuerza Regida
282,282,Apaga El Cel,0.842,0.445,0.0698,0.0349,99.988,Filtramusic
283,283,Me Porto Bonito,0.885,0.732,0.0687,0.0638,97.004,ILUMINADO DJ
284,284,PALETA,0.782,0.798,0.219,0.0815,175.917,Sam Baby
285,285,Selfies,0.782,0.722,0.0309,0.783,133.826,Natanael Cano
286,286,Igualito a Mi Apá,0.758,0.812,0.0854,0.188,144.908,Fuerza Regida
287,287,ROMPECABEZAS,0.742,0.887,0.0313,0.0264,119.989,YACO BEATS
288,288,EL AMOR DE SU VIDA,0.616,0.834,0.0664,0.06,151.701,Grupo Frontera
289,289,Mi Bello Angel,0.807,0.665,0.0497,0.0185,127.909,Natanael Cano
290,290,ELOVRGA,0.808,0.454,0.0434,0.124,130.025,Gerry Garcia
291,291,Guayani,0.566,0.765,0.293,0.144,82.621,Merse
292,292,Alucin,0.787,0.769,0.0335,0.00331,128.0,Eugenio Esquivel
293,293,Dile a El,0.818,0.697,0.0367,0.295,126.966,El Chaval de la Bachata
294,294,Yonaguni,0.653,0.139,0.0348,0.916,80.011,Sunday Without You
295,295,120,0.707,0.341,0.935,0.278,133.7,Matthias Ernst
296,296,Blame Brett,0.461,0.874,0.046,0.00364,156.023,The Beaches
297,297,Creeper,0.514,0.603,0.0249,0.0254,90.989,Creeper Lagoon
298,298,BABY SAID,0.622,0.715,0.0323,0.000982,131.012,Måneskin
299,299,FedEx,0.797,0.644,0.175,0.00881,138.041,Future
300,300,LosT,0.632,0.613,0.056,0.877,163.149,Miso
301,301,Marvin Lee,0.492,0.26,0.0921,0.646,111.519,Drake
302,302,Run it Up,0.867,0.591,0.128,0.172,148.007,YoungBoy Never Broke Again
303,303,State Of Mind,0.669,0.835,0.0352,0.0118,126.022,Duke & Jones
304,304,Embers,0.262,0.00716,0.0382,0.996,160.852,Wilson Trouvé
305,305,Forgotten One,0.52,0.983,0.0859,0.000971,95.962,mikeeysmind
306,306,Hanging by a Thread,0.541,0.864,0.0357,0.00118,124.557,Lifehouse
307,307,Lay Me Down,0.418,0.332,0.0492,0.771,119.164,Sam Smith
308,308,Straight Shooter,0.612,0.644,0.0288,0.754,119.809,The Mamas & The Papas
309,309,Revolution,0.408,0.831,0.208,0.0733,121.38,The Beatles
310,310,Soda Fountain,0.947,0.439,0.109,0.183,109.99,Langston Doobs
311,311,How It B,0.654,0.479,0.0416,0.0142,75.523,Yeat
312,312,John Hartleyborne (Must Die),0.556,0.476,0.0257,0.182,93.997,JJ Sterry
313,313,Who Will Save You Now,0.218,0.462,0.0557,0.39,119.976,Les Friction
314,314,Reprise,0.595,0.448,0.0267,0.925,120.117,salvia palth
315,315,Big Blue,0.509,0.458,0.0329,0.869,137.109,Hovvdy
316,316,This Love,0.712,0.862,0.0378,0.0525,95.051,Maroon 5
317,317,Guilty,0.566,0.969,0.046,0.0287,100.012,Linkin Park
318,318,A Little Bit Happy,0.589,0.685,0.0306,0.363,111.903,TALK
319,319,I Don't Know,0.673,0.207,0.0857,0.584,90.024,ETHAN S JASSO
320,320,Shame,0.714,0.665,0.0381,0.00588,133.805,"Evelyn ""Champagne"" King"
321,321,Resurrection,0.139,0.0484,0.0344,0.103,81.445,Hans Zimmer
322,322,Tough Lover,0.541,0.7,0.279,0.617,94.384,Christina Aguilera
323,323,Ocean On The Moon,0.156,0.0155,0.0457,0.985,136.852,Muse K
324,324,MY HAPPINESS,0.445,0.823,0.0302,0.00163,85.935,Enrose
325,325,Pray for You,0.732,0.678,0.0886,0.0867,100.626,The Weeknd
326,326,My Eyelash Girl,0.455,0.621,0.0517,0.651,119.043,Travis Scott
327,327,Stay Blessed,0.585,0.485,0.431,0.187,77.733,Bryson Tiller
328,328,Mountain Blue,0.463,0.462,0.0276,0.366,61.548,Trace Mountains
329,329,Not Strong Enough,0.502,0.798,0.0414,0.00291,126.976,boygenius
330,330,Looking From a Distance,0.417,0.0909,0.0373,0.959,90.075,Lana Del Rey
331,331,God Bless the Irony,0.299,0.422,0.0285,0.0873,67.797,Damedot
332,332,Irrational,0.754,0.59,0.046,0.192,147.107,Iration
333,333,I Am The Shadow,0.467,0.727,0.0724,0.0152,144.202,lxakies
334,334,Nothing To Prove,0.752,0.758,0.114,0.0973,90.493,Jeezy
335,335,Bang Bang,0.707,0.752,0.0885,0.269,150.061,Sohodolls
336,336,Doubt,0.699,0.419,0.0328,0.836,105.595,No Doubt
337,337,Almond Eyes,0.627,0.381,0.174,0.541,129.655,Novaa
338,338,Queen of Hearts,0.658,0.862,0.0535,0.211,169.532,Juice Newton
339,339,Lesson in Disappointment,0.612,0.804,0.0543,0.273,80.771,Jo Dee Messina
340,340,Is Metal,0.35,0.967,0.1,0.000153,153.656,Anvil
341,341,Wild,0.889,0.416,0.107,0.224,127.98,Wild Rivers
342,342,Boutique Suite in Funky Fitzroy,0.906,0.564,0.0568,0.000928,122.632,Lipps Inc.
343,343,Let Me In Your Band,0.483,0.795,0.181,0.00258,171.853,ENHYPEN
344,344,No Ones' Burden,0.313,0.894,0.0294,0.122,149.044,Band of Horses
345,345,Cocaine,0.776,0.582,0.0684,0.331,92.031,Paul Cauthen
346,346,27,0.681,0.376,0.957,0.616,98.77,Matthias Ernst
347,347,To My Heart,0.633,0.771,0.144,0.0749,81.317,YoungBoy Never Broke Again
348,348,No Different,0.867,0.646,0.288,0.303,88.634,Blackstreet
349,349,In My Head,0.499,0.181,0.0429,0.745,111.956,ĆEE
350,350,Pretty Happy Alone,0.787,0.511,0.0896,0.115,90.538,Able Heart
351,351,Sever Your Faith,0.636,0.765,0.0512,0.00568,164.96,STXRZ
352,352,I'm Your Waste of Time,0.834,0.535,0.172,0.603,132.984,Daddy Drwg
353,353,SAY THE WORD,0.604,0.817,0.031,0.121,126.966,Nick Smith
354,354,FAM,0.841,0.672,0.371,0.0122,157.026,Only The Family
355,355,You're Coming Over,0.575,0.845,0.035,0.0282,127.997,Chris Young
356,356,Don't Look!,0.575,0.831,0.0356,0.00406,127.991,POORSTACY
357,357,World Got So Dumb,0.667,0.815,0.0719,0.000779,92.562,Beldon Haigh
358,358,Nikita,0.632,0.656,0.0277,0.123,86.605,Nikitata
359,359,Love From The Other Side,0.81,0.481,0.0342,0.492,114.995,L'Impératrice
360,360,Christian Speak (Radio Mix),0.31,0.0102,0.0406,0.995,92.244,Christian Spelz
361,361,You Can Let Go,0.391,0.408,0.0317,0.594,69.399,Crystal Shawanda
362,362,Breathe Out,0.636,0.7,0.421,0.341,88.817,New Life Worship
363,363,Changeling,0.0905,0.000328,0.049,0.878,88.651,De Janos
364,364,ONE MORE TIME,0.736,0.687,0.0272,0.0266,118.024,bonaira
365,365,Machine,0.522,0.711,0.0283,0.0895,168.355,Unwritten Law
366,366,The Charming Snake,0.431,0.921,0.0491,0.000254,98.801,The Smiths
367,367,JJ,0.612,0.317,0.0346,0.876,101.678,CoComelon
368,368,Waiting Around,0.551,0.233,0.0312,0.71,89.574,Townes Van Zandt
369,369,OBSOLETE,0.407,0.95,0.193,0.000103,191.741,Of Mice & Men
370,370,Loves Hold,0.598,0.58,0.0409,0.575,74.855,"Earth, Wind & Fire"
371,371,BMFR,0.614,0.351,0.0564,0.0514,140.989,BFDI Music
372,372,A Place 4 Me,0.603,0.908,0.184,0.0144,133.063,Linkin Park
373,373,Proof,0.396,0.671,0.0351,0.0984,156.072,for KING & COUNTRY
374,374,The Ones Who Bleed,0.533,0.784,0.0349,0.0967,137.999,Justin Moore
375,375,Fair Shake,0.852,0.846,0.0941,0.00414,110.026,Hanover
376,376,Watching You Again,0.625,0.848,0.0314,0.105,137.993,Rodney Atkins
377,377,Soul in Captivity,0.653,0.662,0.026,0.382,104.026,Anita Baker
378,378,God Is a Circle,0.602,0.658,0.0558,0.0233,145.031,Ariana Grande
379,379,Freedom,0.591,0.651,0.0424,0.42,132.538,Wham!
380,380,Yung Cheyney,0.507,0.685,0.314,0.0938,138.116,yvngxchris
381,381,Chris Francis,0.845,0.398,0.0769,0.0553,91.98,Chris Francisco
382,382,Forward Fashion,0.642,0.851,0.0412,0.000744,124.992,Beyoncé
383,383,Underground,0.838,0.393,0.041,0.237,95.003,Underground
384,384,The Real Thing,0.615,0.322,0.0282,0.77,113.064,Pink Sweat$
385,385,Overcome,0.443,0.856,0.0418,0.000269,159.923,Elevation Worship
386,386,The Balance,0.5,0.0928,0.0276,0.758,103.113,Lord Huron
387,387,Drones,0.304,0.019,0.312,0.994,66.405,Delta Hz
388,388,Elisa,0.319,0.0662,0.0353,0.986,70.86,Klaüs
389,389,Rescued,0.431,0.183,0.0469,0.898,204.077,The Rescues
390,390,Nothing Matters,0.576,0.796,0.0375,0.0219,101.093,The Last Dinner Party
391,391,She Is Mighty,0.782,0.317,0.0357,0.567,89.925,Molly Green
392,392,Unhappier,0.553,0.522,0.0573,0.0492,81.599,Lil Durk
393,393,"Sex, Secrets, Promises",0.572,0.839,0.0377,0.013,143.969,Beach Weather
394,394,Lost,0.632,0.613,0.056,0.877,163.149,Miso
395,395,Just Hold On,0.777,0.414,0.0946,0.00421,100.002,Drake
396,396,Someone You Loved,0.456,0.144,0.0358,0.982,104.993,The Piano Guys
397,397,Sunflower - Spider-Man: Into the Spider-Verse,0.7,0.554,0.0747,0.372,179.981,The Cinematic Film Band
398,398,Starboy,0.609,0.0445,0.0467,0.993,132.0,Chilled Pig
399,399,Dance Monkey,0.824,0.587,0.0937,0.69,98.029,Tones And I
400,400,One Dance,0.788,0.605,0.0578,0.00899,103.94,neko
401,401,Wine 4 Me,0.721,0.411,0.0456,0.0595,100.02,YNW Melly
402,402,Party,0.556,0.654,0.0459,6.35e-05,152.034,TrackTribe
403,403,I'm Gonna Be Your Slave,0.685,0.717,0.0614,0.0011,139.961,Deep Line
404,404,STAY (with Justin Bieber),0.585,0.794,0.0521,0.0356,169.965,The Kid LAROI
405,405,Kryptonite,0.545,0.865,0.0286,0.00664,99.005,3 Doors Down
406,406,Paper Plane,0.447,0.848,0.222,0.033,172.253,M.I.A.
407,407,rockstar,0.688,0.466,0.0641,0.29,76.005,<3BEAT
408,408,Man,0.84,0.762,0.226,0.00736,99.987,Jennifer Lopez
409,409,Jimmy Choo,0.893,0.646,0.1,0.112,132.97,Fetty Wap
410,410,This Heart Of Mine,0.406,0.843,0.0526,0.0889,150.054,Corey Kent
411,411,Heat Waves,0.761,0.525,0.0944,0.44,80.87,Glass Animals
412,412,All Along - Radio Edit,0.429,0.812,0.0657,0.00282,113.279,Jimi Hendrix
413,413,Who'll Stop the People - District 12 Mix,0.627,0.873,0.0311,0.00804,123.113,Creedence Clearwater Revival
414,414,Perfect,0.878,0.553,0.302,0.184,98.019,TrackMoney P
415,415,Jiffy,0.833,0.641,0.107,0.355,139.982,WeezGotti
416,416,Closer,0.738,0.541,0.0303,0.415,94.949,Hillside Recording
417,417,Where The Cavemen Sleep,0.756,0.796,0.039,0.363,92.009,Zac Brown Band
418,418,Señorita,0.783,0.671,0.0312,0.0372,117.038,Kidz Bop Kids
419,419,Say You Won't Let Go,0.358,0.557,0.059,0.695,85.043,James Arthur
420,420,Run It,0.774,0.348,0.429,0.49,166.109,Rundown Spaz
421,421,lovely (with Khalid),0.246,0.311,0.0368,0.94,115.268,Denial
422,422,Watermelon Sugar,0.749,0.884,0.289,0.0628,149.845,Tracy Byrd
423,423,Don't Start Now,0.793,0.793,0.083,0.0123,123.95,Dua Lipa
424,424,Lucid Dreams,0.124,0.0854,0.0368,0.946,177.591,Frozen Drones
425,425,Ghost,0.695,0.677,0.158,0.00468,95.625,Ghostface Killah
426,426,bad guy,0.65,0.477,0.0601,0.00288,152.409,TrackVibes
427,427,Thinking out Loud,0.38,0.145,0.0326,0.988,135.548,The Piano Guys
428,428,if u think i'm pretty,0.535,0.622,0.0593,0.541,143.533,Artemas
429,429,Photograph,0.228,0.103,0.0489,0.99,114.404,Nickelback
430,430,Something Just Like This,0.617,0.635,0.0317,0.0498,103.019,The Chainsmokers
431,431,Take Me To Church,0.566,0.664,0.0464,0.634,128.945,Hozier
432,432,Circles,0.6,0.887,0.063,0.0232,128.088,Audien
433,433,Shallow,0.599,0.0378,0.0433,0.994,74.024,Figgy Malone
434,434,Love Yourself,0.864,0.714,0.278,0.289,137.923,XXXTENTACION
435,435,Riptide,0.667,0.258,0.0348,0.978,78.006,Lofi Fruits Music
436,436,All of Me,0.606,0.72,0.0283,0.000149,127.985,John Legend
437,437,Thunder,0.622,0.639,0.143,0.623,149.997,Ty Dolla $ign
438,438,goosebumps,0.879,0.715,0.193,0.039,75.019,MAKAVELIGODD
439,439,Broken Bones,0.779,0.486,0.193,0.802,123.993,KALEO
440,440,Stressed Out,0.734,0.637,0.141,0.0462,169.977,Twenty One Pilots
441,441,Electronic Music - Radio Edit,0.629,0.88,0.0529,0.132,174.523,MooreMusic4U
442,442,7 rings,0.777,0.317,0.308,0.591,139.848,Ariana Grande
443,443,Unavailable,0.788,0.649,0.0532,0.253,113.009,Davido
444,444,Another Love,0.63,0.207,0.0334,0.736,123.968,Another Lover
445,445,Wake Me Up - Radio Edit,0.459,0.0194,0.0422,0.991,68.06,Figgy Malone
446,446,Alassa,0.372,0.0108,0.0445,0.995,122.209,Alaskan Tapes
447,447,SAD!,0.709,0.569,0.261,0.42,92.066,ACROS
448,448,What a Night,0.737,0.495,0.027,0.0588,104.409,Frankie Valli & The Four Seasons
449,449,The Hills,0.585,0.564,0.0515,0.0671,113.003,The Weeknd
450,450,Let Her Go,0.479,0.545,0.0688,0.365,74.897,Passenger
451,451,Sun Shine In,0.833,0.585,0.0518,0.0755,112.986,YOOKiE
452,452,Jocelyn Flores,0.662,0.136,0.0309,0.833,66.033,XXXTENTACION
453,453,Coaluī,0.366,0.0716,0.0416,0.982,105.854,Les Rêveries
454,454,ICI,0.352,0.691,0.0428,0.0294,145.006,Purple Citron
455,455,Found Grace,0.535,0.895,0.0497,0.00442,105.044,Conan Gray
456,456,Nobody,0.662,0.696,0.333,0.00779,144.823,Reace Sosa
457,457,Stand on Business,0.621,0.682,0.419,0.0692,84.811,Lil Rae
458,458,Demons,0.745,0.681,0.108,0.00132,148.083,shebeel
459,459,Desafinada,0.507,0.309,0.0383,0.784,82.052,João Gilberto
460,460,Pobre,0.839,0.361,0.0748,0.646,118.014,Los Armadillos de la Sierra
461,461,Bad Bitches,0.78,0.572,0.395,0.07,172.864,BigXthaPlug
462,462,Polar E Flow,0.67,0.879,0.108,0.353,145.2,Tom Hanks
463,463,Hou qike qike,0.372,0.641,0.149,0.216,67.82,颜人中
464,464,Biggest F,0.764,0.448,0.362,0.00718,157.97,BossMan Dlow
465,465,One Kiss (with Dua Lipa),0.791,0.862,0.11,0.037,123.994,Calvin Harris
466,466,Answers,0.309,0.631,0.0312,0.000202,145.583,"Tyler, The Creator"
467,467,good 4 u,0.563,0.664,0.154,0.335,166.928,Olivia Rodrigo
468,468,Da Plug,0.913,0.36,0.401,0.00767,125.034,BigXthaPlug
469,469,drivers license,0.561,0.431,0.0578,0.768,143.875,Octavien X
470,470,All I Wanna Do,0.626,0.746,0.0282,0.16,102.896,Heart
471,471,XO Tour Llif3,0.732,0.75,0.231,0.00264,155.096,Lil Uzi Vert
472,472,Surrender,0.663,0.804,0.0528,0.218,122.035,Jvson
473,473,Over You,0.829,0.587,0.152,0.0525,130.028,C.WATTS
474,474,SICKO MODE,0.834,0.73,0.222,0.00513,155.008,Travis Scott
475,475,Happier,0.785,0.831,0.0444,0.0038,126.056,The Blessed Madonna
476,476,Love is Blind,0.694,0.523,0.0531,0.13,100.977,Ravyn Lenae
477,477,Sequiem,0.963,0.826,0.0401,0.1,130.037,ROMANTICA
478,478,Seventeen Going Under,0.477,0.873,0.0355,0.00471,161.948,Sam Fender
479,479,Die For You,0.586,0.525,0.0615,0.111,133.629,The Weeknd
480,480,Let Me Love You,0.622,0.593,0.0916,0.163,94.364,Mario
481,481,New Rules,0.762,0.7,0.0694,0.00261,116.073,Dua Lipa
482,482,Song 2,0.674,0.789,0.0676,0.00178,129.802,Blur
483,483,Sex On Fire,0.542,0.905,0.054,0.00172,153.398,Kings of Leon
484,484,Live Forever,0.286,0.822,0.0381,2.31e-05,90.96,Oasis
485,485,I Bet You Look Good On The Dancefloor,0.535,0.948,0.0356,0.00225,103.183,Arctic Monkeys
486,486,Love Will Tear Us Apart,0.527,0.923,0.0379,0.000541,146.924,Joy Division
487,487,Last Nite,0.496,0.688,0.0355,0.446,204.01,Morgan Wallen
488,488,She Bangs the Drums - Remastered 2009,0.339,0.976,0.0909,0.00649,144.723,The Stone Roses
489,489,Seven Nation Army,0.743,0.446,0.0683,0.0039,123.596,The White Stripes
490,490,Take Me Out,0.277,0.663,0.0377,0.000409,104.561,Franz Ferdinand
491,491,Shoot the Runner,0.593,0.27,0.0274,0.892,74.652,Upchurch
492,492,Common People,0.314,0.797,0.038,0.0057,145.393,Pulp
493,493,Don't Look Back into the Sun,0.211,0.849,0.116,0.00605,175.616,The Libertines
494,494,Somebody Told Me,0.497,0.97,0.0836,9.04e-05,138.081,The Killers
495,495,Time to Pretend,0.438,0.94,0.0452,8.74e-05,100.99,Lazer Boomerang
496,496,I Predict A Riot,0.423,0.975,0.397,0.00372,172.046,Kaiser Chiefs
497,497,Young Folks,0.699,0.812,0.0377,0.0164,138.185,Peter Bjorn and John
498,498,Here Comes Your Man,0.669,0.795,0.0285,0.00772,124.594,Pixies
499,499,Use Somebody,0.276,0.715,0.0432,0.00552,137.028,Kings of Leon
500,500,Bitter Sweet Symphony,0.356,0.917,0.0479,0.0335,171.176,The Verve
501,501,Banquet,0.578,0.892,0.0441,0.000139,150.255,Bloc Party
502,502,You've Got The Love,0.574,0.704,0.0319,0.00455,109.999,Florence + The Machine
503,503,Golden Skans,0.463,0.836,0.0381,0.000418,141.955,Klaxons
504,504,Just,0.656,0.565,0.0323,0.481,122.935,Lane 8
505,505,When The Sun Goes Down,0.798,0.741,0.0284,0.0432,104.945,Kenny Chesney
506,506,A-Punk,0.604,0.507,0.0268,0.0776,79.039,Radiohead
507,507,Fools Gold,0.515,0.773,0.0479,0.23,128.001,One Direction
508,508,This Charming Man (2008 Remastered Version),0.611,0.846,0.0436,0.00509,103.912,The Smiths
509,509,Step On,0.331,0.471,0.0299,0.00644,90.057,The Cardigans
510,510,Can't Stand Me Now,0.368,0.936,0.0623,0.0146,164.427,The Libertines
511,511,Animal Nitrate (Remastered),0.482,0.833,0.0449,0.000346,148.039,Neon Trees
512,512,Apply Some Pressure,0.682,0.698,0.288,0.337,139.949,Maximo Park
513,513,Fire,0.734,0.597,0.0366,0.209,95.003,Arc De Soleil
514,514,The Cave,0.732,0.786,0.0469,0.0791,100.996,The Cavemen.
515,515,Pumped up Kicks,0.733,0.71,0.0292,0.145,127.975,Foster The People
516,516,Chelsea Dagger,0.512,0.817,0.142,0.0505,154.607,The Fratellis
517,517,America,0.199,0.602,0.0355,0.23,137.563,American Football
518,518,Monster,0.466,0.791,0.0882,0.0232,153.528,Xxstarlife
519,519,Ruby,0.56,0.13,0.131,0.964,79.647,Sleepermane
520,520,Same Jeans,0.479,0.967,0.0431,0.00697,134.743,The View
521,521,Alright,0.409,0.726,0.0689,0.000619,159.968,Goreshit
522,522,Hard To Explain,0.408,0.666,0.0578,0.000455,82.523,Future
523,523,She Moves In Her Own Way,0.431,0.81,0.066,0.276,76.412,The Kooks
524,524,Molly's Chambers,0.598,0.911,0.0515,0.222,146.469,Kings of Leon
525,525,Babies,0.189,0.0703,0.0446,0.833,88.339,White Noise for Babies
526,526,Autorretrato en Blanco - Versión Lofi,0.472,0.37,0.0305,0.145,92.041,Los Jardines De Bruselas
527,527,Fantasmas,0.271,0.423,0.0277,0.669,47.79,Ambar Lucid
528,528,Mami,0.833,0.763,0.198,0.0591,105.878,Deltron 3030
529,529,Mirando,0.57,0.853,0.0259,9.57e-05,145.069,Miranda Lambert
530,530,tuviste,0.543,0.475,0.0266,0.498,79.963,Bratty
531,531,Autorretrato en Blanco,0.472,0.37,0.0305,0.145,92.041,Los Jardines De Bruselas
532,532,El Espejo,0.55,0.675,0.0278,0.733,97.996,Yuri
533,533,Amapolas,0.784,0.689,0.0385,0.759,124.025,Leo Rizzi
534,534,1001 Noches,0.748,0.934,0.0338,0.111,102.985,Fonseca
535,535,Sensación,0.709,0.726,0.0411,0.0977,92.006,De La Ghetto
536,536,Objetivo: La Tierra,0.692,0.834,0.0383,0.552,157.908,Fuerza Regida
537,537,Que No Sé,0.55,0.512,0.0985,0.482,187.611,Los Invasores De Nuevo León
538,538,Vida Real,0.556,0.735,0.068,0.764,109.801,Beto Vega
539,539,3024,0.718,0.179,0.149,0.355,170.11,Blake Avel
540,540,Fatal,0.566,0.819,0.147,0.0948,179.785,Kontra K
541,541,Nagano,0.686,0.12,0.189,0.813,69.992,Raimu
542,542,Siglos,0.733,0.57,0.0975,0.76,99.984,Esteban Pedraza
543,543,como si nada,0.759,0.576,0.363,0.405,178.173,ADSO
544,544,Islas Desiertas,0.601,0.312,0.0334,0.00792,141.98,Casero
545,545,Contame un Cuento,0.541,0.666,0.0277,0.603,147.055,La Arrolladora Banda El Limón De Rene Camacho
546,546,Otra Galaxia,0.735,0.716,0.0899,0.0607,75.968,Hector Mario
547,547,Ya No Te Hago Falta,0.56,0.311,0.038,0.934,180.05,Sen Senra
548,548,Cosas Tristes,0.729,0.579,0.0378,0.255,83.009,Los Rehenes
549,549,Círculos,0.75,0.874,0.0444,0.0497,100.038,El Gran Silencio
550,550,Tomando este camino,0.522,0.835,0.0443,0.0406,177.968,Officialalex425
551,551,Desierto,0.627,0.543,0.0634,0.0822,169.997,MasterBTS Productions
552,552,Deslices,0.293,0.252,0.0306,0.746,85.131,Simone
553,553,Acercamiento,0.286,0.284,0.0318,0.693,137.344,Maverick City Music
554,554,Idiota,0.484,0.58,0.256,0.354,160.138,Joan Sebastian
555,555,Nueva Canción,0.535,0.901,0.0527,0.0265,126.017,BJ Putnam
556,556,Los Naranjos,0.826,0.585,0.267,0.00236,115.851,Los Naranjos
557,557,Mientras el Mundo se Apaga,0.759,0.532,0.0336,0.22,127.031,Junior H
558,558,Típica Cara,0.802,0.752,0.0372,0.0685,147.376,Novedades Carminha
559,559,llueve,0.486,0.794,0.0336,0.0309,107.848,Los Bunkers
560,560,esa carita,0.676,0.551,0.0318,0.35,81.47,Ivan Cornejo
561,561,Formas,0.594,0.0959,0.0308,0.874,107.626,Cedarmont Kids
562,562,Tiempos Bajo el Sol,0.795,0.662,0.0642,0.69,110.094,Diferente Nivel
563,563,Dominas,0.629,0.915,0.0463,4.39e-05,130.263,ARXMANE
564,564,Acuario,0.753,0.583,0.0384,0.669,91.97,Disco Bahía
565,565,Dime Que Me Calle,0.783,0.625,0.0379,0.042,119.305,Irenegarry
566,566,Al Final Abrazos,0.349,0.667,0.0341,0.502,138.461,Lilly Goodman
567,567,Está Bien,0.496,0.756,0.0385,0.0432,154.934,PRISMA Más Vida
568,568,Paciencia,0.861,0.188,0.0635,0.899,140.058,Kora
569,569,tu gotelé,0.872,0.854,0.212,0.234,95.01,KAROL G
570,570,(H)olas,0.758,0.233,0.0385,0.0237,103.976,Anyi
571,571,Caímos las dos,0.695,0.796,0.0361,0.0174,114.804,Caos
572,572,mi cielo,0.715,0.642,0.0515,0.0687,105.964,Sky Rompiendo
573,573,desastre natural,0.825,0.613,0.0941,0.0158,117.052,KSLV Noh
574,574,Si Se Acaba,0.7,0.474,0.048,0.218,127.177,Ingrid Contreras
575,575,Juego De Escape,0.634,0.709,0.0363,0.00194,130.072,Grupo Ginsu
576,576,Alguien Normal,0.662,0.519,0.0369,0.476,140.034,Carin Leon
577,577,Estrella Fugaz,0.658,0.732,0.0726,0.192,169.948,Chris Lebron
578,578,Al Final,0.349,0.667,0.0341,0.502,138.461,Lilly Goodman
579,579,Libertad,0.687,0.828,0.101,0.122,123.949,Julissa
580,580,No Más,0.64,0.722,0.0452,0.591,111.834,Threestyle
581,581,Fuego,0.59,0.859,0.0469,0.0229,109.9,Billy Bunster
582,582,_BCN626,,,,,,
583,583,Visitarte,0.682,0.923,0.115,0.132,77.614,Hombres G
584,584,clones de ti,0.584,0.192,0.0419,0.484,87.882,Chevelle
585,585,si mirarte es delito q me lleven a prision,0.609,0.306,0.0349,0.858,174.875,Rebe
586,586,Lamento Boliviano,0.714,0.735,0.0306,0.176,123.57,Los Enanitos Verdes
587,587,Devuélveme a mi chica,0.679,0.781,0.051,0.019,89.924,Soñadores
588,588,Oye Mi Amor,0.665,0.276,0.0583,0.881,142.983,Covers
589,589,Es Por Ti,0.658,0.425,0.0398,0.434,150.033,Juanes
590,590,Para No Verte Más,0.658,0.815,0.105,0.0168,99.276,La Mosca Tse-Tse
591,591,Flaca,0.532,0.774,0.407,0.0258,86.319,Potter Payper
592,592,Inevitable,0.595,0.461,0.0641,0.269,91.976,Shakira
593,593,De Música Ligera - Remasterizado 2007,0.542,0.714,0.028,0.00487,124.26,Soda Stereo
594,594,Eres,0.81,0.688,0.0405,0.049,97.075,Grupo Innovacion
595,595,Labios Rotos - En Vivo Desde México / 2010,0.579,0.758,0.0281,0.0731,109.054,Zoé
596,596,Afuera,0.724,0.499,0.0384,0.422,127.981,Julión Álvarez y su Norteño Banda
597,597,En algún lugar,0.527,0.859,0.0687,0.176,74.214,Duncan Dhu
598,598,Clavado en Un Bar,0.634,0.854,0.0369,0.00737,148.003,Maná
599,599,Trátame Suavemente - Remasterizado 2007,0.473,0.445,0.0257,0.161,104.252,Soda Stereo
600,600,A Dios Le Pido,0.742,0.827,0.129,0.442,96.313,Los Cumbieros Del Sur
601,601,Mil Horas - 1994 Remastered Version,0.687,0.384,0.101,0.259,99.854,Los Abuelos De La Nada
602,602,Crimen,0.537,0.502,0.025,0.44,80.511,Gustavo Cerati
603,603,La Célula Que Explota,0.425,0.479,0.0419,0.44,123.217,Caifanes
604,604,El ataque de las chicas cocodrilo,0.748,0.784,0.0481,0.0641,119.514,Hombres G
605,605,La Planta,0.695,0.796,0.0361,0.0174,114.804,Caos
606,606,Ese Maldito Momento,0.473,0.713,0.0295,0.195,147.001,Ulises Bueno
607,607,La Camisa Negra,0.751,0.731,0.0308,0.0838,97.007,Juanes
608,608,Rayando el Sol,0.643,0.809,0.028,0.45,112.677,Maná
609,609,Cuando Pase El Temblor - Remasterizado 2007,0.643,0.539,0.0386,0.123,94.092,Soda Stereo
610,610,Viento,0.566,0.561,0.662,0.84,137.872,Viento En Contra
611,611,Te quiero,0.61,0.734,0.0332,0.006,84.019,Flex
612,612,Adiós,0.815,0.571,0.231,0.0667,75.596,SUPER PESO
613,613,Soñé - En Vivo,0.627,0.476,0.0282,0.132,83.0,Zoé
614,614,Lobo-hombre en París,0.637,0.95,0.0736,0.0388,146.29,La Unión
615,615,Como te extraño mi amor,0.737,0.503,0.0337,0.829,122.129,Leo Dan
616,616,A las Nueve,0.625,0.804,0.0268,0.236,129.931,No Te Va Gustar
617,617,Sabor a Chocolate,0.619,0.896,0.0315,0.223,136.648,Elefante
618,618,En El Muelle de San Blas,0.64,0.693,0.0235,0.113,97.159,Maná
619,619,Love,0.29,0.612,0.0396,0.746,175.901,OGRE Sound
620,620,A un minuto de ti,0.632,0.819,0.0362,0.109,150.377,Mikel Erentxun
621,621,Te Lo Pido por Favor,0.794,0.553,0.0582,0.343,127.016,Dylan Rodriguez
622,622,Irresponsables,0.73,0.6,0.143,0.023,163.951,Emei
623,623,Kumbala,0.722,0.368,0.0305,0.0116,120.251,Maldita Vecindad Y Los Hijos Del 5to. Patio
624,624,Tu Carcel - En Vivo,0.741,0.583,0.0281,0.0325,99.64,Hermanos Espinoza
625,625,Frijolero,0.774,0.653,0.0361,0.107,95.009,Molotov
626,626,Mentirosa,0.69,0.744,0.299,0.25,179.67,Heblack Oficial
627,627,Arrullo De Estrellas,0.459,0.764,0.0359,0.326,81.503,Zoé
628,628,Labios Compartidos,0.527,0.898,0.0367,0.027,162.058,Maná
629,629,Como Eran Las Cosas,0.696,0.445,0.0316,0.463,94.984,Babasónicos
630,630,Demoliendo Hoteles,0.616,0.701,0.0629,0.00321,78.983,My Chemical Romance
631,631,Mariposa tecknicolor,0.509,0.887,0.0392,0.183,145.088,Cati Lazaro
632,632,Soldadito marinero,0.541,0.271,0.0363,0.247,146.531,Kiko y Su Banda
633,633,Te quiero igual,0.931,0.657,0.0573,0.107,131.943,Monchy & Alexandra
634,634,Seguir Viviendo Sin Tu Amor,0.679,0.368,0.0251,0.689,104.931,Luis Alberto Spinetta
635,635,Oye Como Va,0.852,0.571,0.0351,0.019,124.007,MJ Songstress
636,636,La Muralla Verde,0.717,0.837,0.0282,0.155,129.881,Los Enanitos Verdes
637,637,Héroe de leyenda,0.698,0.605,0.0302,0.313,134.092,Heroes Del Silencio
638,638,Mentira,0.746,0.773,0.0416,0.459,108.341,La Fiera de Ojinaga
639,639,Las piedras rodantes,0.556,0.393,0.0319,0.649,98.226,El Tri
640,640,En La Ciudad De La Furia - Remasterizado 2007,0.611,0.803,0.0278,0.0823,126.506,Soda Stereo
641,641,El amor después del amor,0.641,0.797,0.0431,0.00357,94.884,Fito Paez
642,642,La ingrata,0.748,0.835,0.0351,0.0854,142.942,Café Tacvba
643,643,Lago en el Cielo,0.433,0.018,0.0486,0.992,95.549,LMR Records
644,644,Nos Siguen Pegando Abajo,0.6,0.264,0.028,0.818,142.215,Leopoldo Lopez
645,645,Mi Primer Dia Sin Ti,0.526,0.649,0.0241,0.129,83.405,Los Enanitos Verdes
646,646,Estrechez De Corazón,0.656,0.781,0.036,0.00661,130.28,Los Prisioneros
647,647,Aunque no sea conmigo,0.741,0.453,0.0564,0.658,86.945,Bunbury
648,648,El Duelo,0.55,0.848,0.045,0.0568,107.069,La Ley
649,649,Mirala Miralo,0.669,0.889,0.0318,0.0046,122.102,Alejandra Guzman
650,650,Entre dos tierras,0.458,0.746,0.0318,0.0351,166.095,Till Lindemann
651,651,Corazon Espinado (feat. Mana),0.699,0.789,0.0285,0.13,119.959,Santana
652,652,Luna de Miel en la Mano,0.589,0.0458,0.0722,0.974,116.688,Airha
653,653,La Lola,0.725,0.764,0.115,0.0645,151.985,Café Quijano
654,654,"Manuel Santillán, el León (Versión Reggae) - Remasterizado 2008",0.765,0.849,0.0287,0.133,107.548,Los Fabulosos Cadillacs
655,655,Te Quiero Comer La Boca,0.829,0.738,0.0613,0.574,114.972,Edwin El Futuro de la Salsa
656,656,Loco (Tu Forma de Ser) [Ft. Rubén Albarrán] - MTV Unplugged,0.587,0.639,0.0357,0.395,116.499,Los Auténticos Decadentes
657,657,Obsesión,0.615,0.841,0.0391,0.116,126.975,Miguel Mateos
658,658,Tren Al Sur,0.675,0.67,0.0514,0.00565,90.23,Los Prisioneros
659,659,Pobre soñador,0.501,0.723,0.0355,0.245,115.245,El Tri
660,660,Parecemos tontos,0.571,0.543,0.032,0.757,83.025,Bunbury
661,661,Para no olvidar,0.658,0.815,0.105,0.0168,99.276,La Mosca Tse-Tse
662,662,Pronta Entrega,0.774,0.615,0.0314,0.181,136.851,Virus
663,663,Beber de Tu Sangre,0.634,0.49,0.0275,0.461,125.326,Los Amantes De Lola
664,664,La chispa adecuada (Bendecida 3),0.647,0.402,0.0282,0.508,113.27,Heroes Del Silencio
665,665,Santa Lucia - Remastered 2005,0.171,0.422,0.0388,0.419,175.606,Orchestra Mandolinistica Italiana
666,666,Persiana Americana - Remasterizado 2007,0.582,0.915,0.0418,0.149,101.061,Soda Stereo
667,667,La flaca,0.871,0.481,0.0383,0.52,103.063,Jarabe De Palo
668,668,Sin documentos,0.387,0.972,0.101,0.565,192.387,Los Rodriguez
669,669,La chispa adecuada (feat. León Larregui) - MTV Unplugged,0.521,0.482,0.0291,0.153,115.997,Bunbury
670,670,El Esqueleto,0.556,0.872,0.174,0.0402,150.339,Victimas Del Doctor Cerebro
671,671,La pachanga,0.681,0.918,0.0508,0.00244,105.031,Vilma Palma e Vampiros
672,672,Aún,0.282,0.057,0.0733,0.715,120.188,Nature's Mirror
673,673,Baracunatana,0.548,0.691,0.0369,0.015,137.145,Heart
674,674,Esa noche,0.738,0.418,0.032,0.768,134.855,Café Tacvba
675,675,Así Es la Vida,0.799,0.664,0.0899,0.134,97.987,Elefante
676,676,Desde Que,0.724,0.32,0.0627,0.331,134.048,Reyli Barba
677,677,Mujer Amante - Vivo,0.498,0.654,0.0336,0.0149,115.363,Rata Blanca
678,678,Veneno Vil,0.565,0.608,0.0481,0.0357,160.005,MVP BEATZ
679,679,Aquí,0.723,0.615,0.0524,0.0323,157.087,Kali Uchis
680,680,Ojalá que llueva café,0.569,0.809,0.0406,0.279,115.912,Juan Luis Guerra 4.40
681,681,Tornasol (Vuelves a Ser),0.469,0.926,0.0461,0.00257,154.349,La Gusana Ciega
682,682,Lo noto,0.715,0.655,0.0344,0.00958,111.001,Hombres G
683,683,Amargo Adiós,0.607,0.666,0.0407,0.168,139.542,Estrellas de la Academia
684,684,No Dejes Que,0.613,0.898,0.0368,0.429,134.033,Caifanes
